-- ============================================
-- Workflow 模块集成测试预置数据
-- ============================================

-- 创建工作流相关表（IF NOT EXISTS，与 schema.sql 不冲突）
CREATE TABLE IF NOT EXISTS t_workflow (
    id                  BIGINT          GENERATED BY DEFAULT AS IDENTITY PRIMARY KEY,
    name                VARCHAR(100)    NOT NULL,
    description         VARCHAR(500)    NOT NULL DEFAULT '',
    enabled             INT             NOT NULL DEFAULT 1,
    created_at          TIMESTAMP       NOT NULL DEFAULT CURRENT_TIMESTAMP,
    updated_at          TIMESTAMP       NOT NULL DEFAULT CURRENT_TIMESTAMP,
    deleted             INT             NOT NULL DEFAULT 0
);

CREATE TABLE IF NOT EXISTS t_workflow_node (
    id                  BIGINT          GENERATED BY DEFAULT AS IDENTITY PRIMARY KEY,
    workflow_id         BIGINT          NOT NULL,
    node_key            VARCHAR(50)     NOT NULL,
    node_type           VARCHAR(20)     NOT NULL,
    name                VARCHAR(100)    NOT NULL DEFAULT '',
    config_json         CLOB            NOT NULL,
    created_at          TIMESTAMP       NOT NULL DEFAULT CURRENT_TIMESTAMP,
    updated_at          TIMESTAMP       NOT NULL DEFAULT CURRENT_TIMESTAMP,
    deleted             INT             NOT NULL DEFAULT 0
);

CREATE TABLE IF NOT EXISTS t_workflow_edge (
    id                  BIGINT          GENERATED BY DEFAULT AS IDENTITY PRIMARY KEY,
    workflow_id         BIGINT          NOT NULL,
    source_node_key     VARCHAR(50)     NOT NULL,
    target_node_key     VARCHAR(50)     NOT NULL,
    condition_expr      VARCHAR(500)    NOT NULL DEFAULT '',
    sort_order          INT             NOT NULL DEFAULT 0,
    created_at          TIMESTAMP       NOT NULL DEFAULT CURRENT_TIMESTAMP,
    updated_at          TIMESTAMP       NOT NULL DEFAULT CURRENT_TIMESTAMP,
    deleted             INT             NOT NULL DEFAULT 0
);

CREATE TABLE IF NOT EXISTS t_workflow_run (
    id           BIGINT          GENERATED BY DEFAULT AS IDENTITY PRIMARY KEY,
    workflow_id  BIGINT          NOT NULL,
    status       VARCHAR(20)     NOT NULL,
    input        CLOB,
    output       CLOB,
    error        VARCHAR(500)    NOT NULL DEFAULT '',
    elapsed_ms   INT,
    created_at   TIMESTAMP       NOT NULL DEFAULT CURRENT_TIMESTAMP,
    updated_at   TIMESTAMP       NOT NULL DEFAULT CURRENT_TIMESTAMP,
    deleted      INT             NOT NULL DEFAULT 0,
    finished_at  TIMESTAMP
);

CREATE TABLE IF NOT EXISTS t_workflow_node_run (
    id              BIGINT          GENERATED BY DEFAULT AS IDENTITY PRIMARY KEY,
    workflow_run_id BIGINT          NOT NULL,
    node_key        VARCHAR(64)     NOT NULL,
    node_type       VARCHAR(30)     NOT NULL,
    status          VARCHAR(20)     NOT NULL,
    outputs         CLOB,
    error           VARCHAR(500)    NOT NULL DEFAULT '',
    elapsed_ms      INT,
    created_at      TIMESTAMP       NOT NULL DEFAULT CURRENT_TIMESTAMP,
    updated_at      TIMESTAMP       NOT NULL DEFAULT CURRENT_TIMESTAMP,
    deleted         INT             NOT NULL DEFAULT 0,
    finished_at     TIMESTAMP
);

-- 工作流 1: 线性工作流 (START -> LLM -> END)
INSERT INTO t_workflow (id, name, description, enabled, deleted, created_at, updated_at)
VALUES (100, 'Linear Workflow', '线性测试工作流', 1, 0, CURRENT_TIMESTAMP, CURRENT_TIMESTAMP);

INSERT INTO t_workflow_node (id, workflow_id, node_key, node_type, name, config_json, deleted, created_at, updated_at)
VALUES
(101, 100, 'start', 'START', '开始', '{"inputVariables":[{"name":"userMessage","type":"string","description":"用户输入","required":true}]}', 0, CURRENT_TIMESTAMP, CURRENT_TIMESTAMP),
(102, 100, 'llm_1', 'LLM', 'LLM 节点', '{"modelConfigId":100,"prompt":"{{start.userMessage}}","outputVariable":"llmOutput"}', 0, CURRENT_TIMESTAMP, CURRENT_TIMESTAMP),
(103, 100, 'end', 'END', '结束', '{"outputVariable":"llmOutput"}', 0, CURRENT_TIMESTAMP, CURRENT_TIMESTAMP);

INSERT INTO t_workflow_edge (id, workflow_id, source_node_key, target_node_key, condition_expr, sort_order, deleted, created_at, updated_at)
VALUES
(104, 100, 'start', 'llm_1', '', 0, 0, CURRENT_TIMESTAMP, CURRENT_TIMESTAMP),
(105, 100, 'llm_1', 'end', '', 0, 0, CURRENT_TIMESTAMP, CURRENT_TIMESTAMP);

-- 工作流 2: 循环死循环工作流 (START -> A -> B -> A)
INSERT INTO t_workflow (id, name, description, enabled, deleted, created_at, updated_at)
VALUES (110, 'Loop Workflow', '循环测试工作流', 1, 0, CURRENT_TIMESTAMP, CURRENT_TIMESTAMP);

INSERT INTO t_workflow_node (id, workflow_id, node_key, node_type, name, config_json, deleted, created_at, updated_at)
VALUES
(111, 110, 'start', 'START', '开始', '{"inputVariables":[{"name":"userMessage","type":"string","description":"用户输入","required":true}]}', 0, CURRENT_TIMESTAMP, CURRENT_TIMESTAMP),
(112, 110, 'node_a', 'LLM', '节点A', '{"modelConfigId":100,"prompt":"{{start.userMessage}}","outputVariable":"outA"}', 0, CURRENT_TIMESTAMP, CURRENT_TIMESTAMP),
(113, 110, 'node_b', 'LLM', '节点B', '{"modelConfigId":100,"prompt":"{{start.userMessage}}","outputVariable":"outB"}', 0, CURRENT_TIMESTAMP, CURRENT_TIMESTAMP);

INSERT INTO t_workflow_edge (id, workflow_id, source_node_key, target_node_key, condition_expr, sort_order, deleted, created_at, updated_at)
VALUES
(114, 110, 'start', 'node_a', '', 0, 0, CURRENT_TIMESTAMP, CURRENT_TIMESTAMP),
(115, 110, 'node_a', 'node_b', '', 0, 0, CURRENT_TIMESTAMP, CURRENT_TIMESTAMP),
(116, 110, 'node_b', 'node_a', '', 0, 0, CURRENT_TIMESTAMP, CURRENT_TIMESTAMP);

-- 工作流 3: 条件分支工作流
INSERT INTO t_workflow (id, name, description, enabled, deleted, created_at, updated_at)
VALUES (120, 'Condition Workflow', '条件分支测试工作流', 1, 0, CURRENT_TIMESTAMP, CURRENT_TIMESTAMP);

INSERT INTO t_workflow_node (id, workflow_id, node_key, node_type, name, config_json, deleted, created_at, updated_at)
VALUES
(121, 120, 'start', 'START', '开始', '{"inputVariables":[{"name":"userMessage","type":"string","description":"用户输入","required":true}]}', 0, CURRENT_TIMESTAMP, CURRENT_TIMESTAMP),
(122, 120, 'cond', 'CONDITION', '条件判断', '{"expression":"{{start.userMessage}} == \"yes\"","outputVariable":"condResult"}', 0, CURRENT_TIMESTAMP, CURRENT_TIMESTAMP),
(123, 120, 'true_branch', 'LLM', '真分支', '{"modelConfigId":100,"prompt":"True branch","outputVariable":"trueOut"}', 0, CURRENT_TIMESTAMP, CURRENT_TIMESTAMP),
(124, 120, 'false_branch', 'LLM', '假分支', '{"modelConfigId":100,"prompt":"False branch","outputVariable":"falseOut"}', 0, CURRENT_TIMESTAMP, CURRENT_TIMESTAMP),
(125, 120, 'end', 'END', '结束', '{"outputVariable":"finalOut"}', 0, CURRENT_TIMESTAMP, CURRENT_TIMESTAMP);

INSERT INTO t_workflow_edge (id, workflow_id, source_node_key, target_node_key, condition_expr, sort_order, deleted, created_at, updated_at)
VALUES
(126, 120, 'start', 'cond', '', 0, 0, CURRENT_TIMESTAMP, CURRENT_TIMESTAMP),
(127, 120, 'cond', 'true_branch', 'true', 0, 0, CURRENT_TIMESTAMP, CURRENT_TIMESTAMP),
(128, 120, 'cond', 'false_branch', 'false', 0, 0, CURRENT_TIMESTAMP, CURRENT_TIMESTAMP),
(129, 120, 'true_branch', 'end', '', 0, 0, CURRENT_TIMESTAMP, CURRENT_TIMESTAMP),
(130, 120, 'false_branch', 'end', '', 0, 0, CURRENT_TIMESTAMP, CURRENT_TIMESTAMP);

-- Provider + Model + Agent 绑定工作流
INSERT INTO t_provider (id, code, name, provider_type, base_url, auth_type, status, timeout_ms, max_retries, sort_order, deleted)
VALUES (100, 'wf-provider', 'Workflow Provider', 'openai_compatible', 'https://api.wf.com', 'bearer', 'active', 90000, 3, 0, 0);

INSERT INTO t_model (id, provider_id, model_code, model_name, model_type, status, sort_order, deleted)
VALUES (100, 100, 'gpt-4', 'GPT-4', 'chat', 'active', 0, 0);

INSERT INTO t_agent (id, name, model_config_id, workflow_id, temperature, max_tokens, max_context_turns, enabled, deleted)
VALUES (100, 'Workflow Agent', 100, 100, 0.70, 2048, 10, 1, 0);

-- 已删除模型（用于 P2#11 测试）
INSERT INTO t_provider (id, code, name, provider_type, base_url, auth_type, status, timeout_ms, max_retries, sort_order, deleted)
VALUES (101, 'deleted-prov', 'Deleted Provider', 'openai_compatible', 'https://api.del.com', 'bearer', 'active', 90000, 3, 0, 0);

INSERT INTO t_model (id, provider_id, model_code, model_name, model_type, status, sort_order, deleted)
VALUES (101, 101, 'gpt-4-del', 'GPT-4 Deleted', 'chat', 'active', 0, 0);

INSERT INTO t_agent (id, name, model_config_id, workflow_id, temperature, max_tokens, max_context_turns, enabled, deleted)
VALUES (101, 'Deleted Model Agent', 101, 100, 0.70, 2048, 10, 1, 0);
